SBD,Toan,Van,Anh,MonChuyen,TongDiem
222792,5.75,5.75,7.75,,19.25
227860,6,7.25,9.5,,22.75
227943,7.25,4.25,8.25,,19.75
228788,6.75,7.75,5.25,,19.75
220642,8,7.75,7.25,,23.0
220560,5,6.25,2.5,,13.75
227070,4,5.75,6.5,,16.25
225442,7.25,7.25,9.25,,23.75
221273,5,6.25,6.25,,17.5
224802,5,4.5,3,,12.5
222375,7.5,6.25,7.75,,21.5
221706,7.25,7,7.75,,22.0
220868,8,6.5,6.25,,20.75
220911,6,6.25,6.5,,18.75
227004,6,6.25,7.5,,19.75
225392,6.25,8.25,7.5,,22.0
221283,6.75,7.75,7.5,,22.0
223140,4,5.75,5.25,,15.0
225936,4.25,7,6,,17.25
228270,6.25,5.75,5,,17.0
223875,6.5,7,5,,18.5
227813,7.75,7,6.5,,21.25
222357,3.25,4,2.5,,9.75
229409,5.5,6.75,4.5,,16.75
223172,7.5,8.25,6.5,,22.25
220483,4.5,5.5,3.75,,13.75
229834,6.25,7.25,4.25,,17.75
220426,5.5,5.5,3.75,,14.75
226689,6.5,6.75,6.25,,19.5
228076,6,1.75,4.25,,12.0
220968,8,7.25,5.75,,21.0
223524,6.25,5.75,3.75,,15.75
229301,6,5,3.5,,14.5
221130,8,8.75,9,,25.75
228080,6,7.25,7.75,,21.0
229631,6,7,7.75,,20.75
229305,6.75,6.5,5.75,,19.0
226029,7,7,3.75,,17.75
226325,8,8.5,8.5,,25.0
225971,3.75,3.25,2.75,,9.75
226509,6.25,4.5,5.25,,16.0
221503,6.5,6.75,8.5,,21.75
229389,7.5,7.75,8.25,,23.5
227402,5.5,5.75,5.75,,17.0
221767,4.25,4,3.25,,11.5
223915,6,5.5,4,,15.5
226929,8,8.75,8.5,,25.25
227596,4.75,5.75,3.25,,13.75
229343,5,7.25,3.5,,15.75
229376,6,7.75,6.25,,20.0
221105,7,7.5,8,,22.5
225989,5.5,6.25,6.25,,18.0
224567,5.25,5.5,3.5,,14.25
221573,4.5,6.5,1.25,,12.25
221910,4.25,6.75,3,,14.0
226650,7.25,7.5,9,,23.75
220975,1.5,1.5,6.5,,9.5
225759,4.5,7.5,6.5,,18.5
227728,7,8.75,9.25,,25.0
226226,3.75,3.25,2.75,,9.75
222436,7.25,7.25,5.5,,20.0
227847,3.75,6.75,5.5,,16.0
226893,7.75,8,8,,23.75
221591,7.75,6.75,8.5,,23.0
227368,7.25,6.25,7,,20.5
226798,3.75,3.75,2.25,,9.75
225694,7,5,5.75,,17.75
222906,3.5,2,2.75,,8.25
225828,5.75,5.5,2.5,,13.75
222102,6,8,7,,21.0
222483,6.75,6.25,6,,19.0
228797,2,4.25,1.25,,7.5
221582,4.75,5.5,5.25,,15.5
221601,5.75,7,7.75,,20.5
228558,4.5,6.75,5.5,,16.75
224007,6.5,7.75,7,,21.25
225251,4,3.75,5.25,,13.0
225627,8.5,8.5,9.75,,26.75
228430,5.5,3.5,2.5,,11.5
229198,7.75,8.25,8,,24.0
224886,4,6.25,3,,13.25
227136,7.25,7.5,8.75,,23.5
222009,4,7,3.75,,14.75
227019,7,7.25,3,,17.25
221641,5.25,5.5,5,,15.75
226532,5.5,5.5,6.5,,17.5
222551,5.75,5.75,5,,16.5
224409,7.5,8.25,6.75,,22.5
225604,7.25,7.5,9.5,,24.25
225527,7.75,5.75,8.5,,22.0
221450,4.5,6.75,7.75,,19.0
223580,1.75,6.25,4.5,,12.5
229479,2.75,4.5,2.5,,9.75
224728,5.25,7,7.25,,19.5
229039,2.75,4.25,5.5,,12.5
228949,5,5,8.5,,18.5
221893,7.25,8.5,8.75,,24.5
227863,7,7.5,7.75,,22.25
221369,4.25,6.5,4.25,,15.0
227278,5.25,7.5,6.75,,19.5
228515,4.5,7,3.75,,15.25
229950,3.75,5.25,1.25,,10.25
224960,7,6.75,8.5,,22.25
220934,7.75,7.25,6,,21.0
221999,5.5,7,3.5,,16.0
225236,2.75,5.25,1.75,,9.75
227132,6.25,7.75,4.25,,18.25
224942,7.75,8,8.5,,24.25
222728,0.25,3,6.75,,10.0
229122,5.25,4.25,7.25,,16.75
222108,5,3.75,5.75,,14.5
228695,7,7,8.5,,22.5
228287,6.25,7.75,4.75,,18.75
225323,6.75,6.75,5.5,,19.0
226844,6,6.5,6.5,,19.0
220147,7.75,7.25,8,,23.0
223017,4,4,2.5,,10.5
224030,2,5.75,3.25,,11.0
221893,7.25,8.5,8.75,,24.5
227280,5,6.5,2.5,,14.0
223508,3.25,5.75,3.5,,12.5
221552,5.75,5.75,4,,15.5
227184,5,5.5,3.25,,13.75
225183,4.25,6.5,5.75,,16.5
222531,7.25,6.5,8,,21.75
220108,7.75,7.25,8,,23.0
227178,6.25,6.75,5.5,,18.5
223941,5.75,6.5,3.5,,15.75
227844,5,6.25,7.25,,18.5
227684,7.5,7.5,8.25,,23.25
220333,,,,,
225095,5.5,7.25,7.5,,20.25
223839,5.25,5,3.5,,13.75
220444,7.75,5,3.75,,16.5
224684,6,5.75,7.5,,19.25
228000,4.75,5,2.5,,12.25
223490,2.75,5,3.75,,11.5
224484,2.75,3.75,2,,8.5
220621,3.5,5.25,4,,12.75
220618,8,7.25,6.5,,21.75
229265,8.75,8.25,8.75,,25.75
222895,8.5,8.5,9.75,,26.75
226581,8,8.75,9.5,,26.25
229603,6,5.25,6.5,,17.75
225940,5,4,4,,13.0
223416,5,6,5.25,,16.25
224513,5.75,2.5,4.25,,12.5
225727,5,8,7.5,,20.5
220871,4.25,5.5,3.5,,13.25
222550,6.5,6.5,6.75,,19.75
229556,7.5,7.5,7,,22.0
226808,6.75,7,4.75,,18.5
223832,4.25,7.25,4.5,,16.0
228406,7.75,7.75,7.25,,22.75
223262,6.5,8.25,9.75,,24.5
220415,8,7.75,8.25,,24.0
228343,7.75,8,9.5,,25.25
228101,5.25,6.25,3.5,,15.0
223142,5,5,5.25,,15.25
224444,6.75,7.5,7.5,,21.75
225143,2.75,7.25,5.5,,15.5
222319,7.5,8.75,8.5,,24.75
222924,7.25,7.25,6,,20.5
225184,4,5,2.75,,11.75
227882,3.25,6.5,2.75,,12.5
228596,4.75,6.25,3.25,,14.25
228337,5.25,5.75,2.75,,13.75
223528,5,6.5,5.25,,16.75
225534,8,6,9.5,,23.5
229665,7.25,6,4.5,,17.75
222406,4.5,7,3,,14.5
229305,6.75,6.5,5.75,,19.0
224839,4.75,7,5.75,,17.5
224775,7.25,8.25,7.25,,22.75
224968,6.75,6.5,8.5,,21.75
222719,7.75,8,8.5,,24.25
225684,7.5,5.5,6,,19.0
227542,6.25,8,7.25,,21.5
220556,7,6.25,7.75,,21.0
221691,7.75,8,9.25,,25.0
222654,7.75,8,9.75,,25.5
223237,7.25,7.75,7,,22.0
224464,4.25,6.5,3.25,,14.0
222339,8,8.5,4.5,,21.0
227323,7.75,6.25,8.25,,22.25
221988,5.75,6.5,7.25,,19.5
224186,0.75,4.25,3,,8.0
222182,6,6,4.25,,16.25
226996,7.75,7.25,8,,23.0
226773,4.75,6,6.25,,17.0
228095,6.25,6.75,4.25,,17.25
227778,6.75,8,10,,24.75
223100,4.5,4.5,4,,13.0
220416,4.75,6.25,3.75,,14.75
224430,2.25,6.75,4.25,,13.25
229853,7.75,7.5,8.25,,23.5
229649,7.25,7.5,6,,20.75
220034,6.5,6.75,4.5,,17.75
223826,1.5,6.25,3.75,,11.5
222217,7.75,8.25,9,,25.0
225680,3.25,5.5,2,,10.75
223846,4.5,6.75,3,,14.25
226448,4.25,5.5,3,,12.75
225450,7.5,8.75,9,,25.25
221909,7.75,7.5,7.5,,22.75
223665,5.75,7,6.75,,19.5
222159,8,7.25,8.75,,24.0
229994,6.75,6.75,6.75,,20.25
229968,6.5,6.5,5,,18.0
222162,5,5.25,4.75,,15.0
220339,7.5,6,7,,20.5
220821,6,7.5,7,,20.5
221972,5.75,7,6.75,,19.5
227391,4.75,3,2,,9.75
228799,7.75,7.5,4.75,,20.0
226396,6.5,7.25,6.25,,20.0
229834,6.25,7.25,4.25,,17.75
221162,4.25,5.75,4.25,,14.25
229158,5.5,5,6.75,,17.25
228532,4.5,6.5,3.25,,14.25
210116,6.5,7,4.25,,17.75
212638,7.25,8.75,9.5,,25.5
211875,3.75,5.5,7,,16.25
211016,7.75,8,9.5,,25.25
211897,6.5,7,6.5,,20.0
216839,4.5,6.25,6,,16.75
216903,5.25,7.25,4.25,,16.75
211840,3.75,4,6,,13.75
216085,6.5,5.75,6,,18.25
214507,7.25,5.75,8.75,,21.75
215963,4.25,3.25,9.25,,16.75
218069,6,6.25,2.75,,15.0
218599,7.5,8.75,8.75,,25.0
216749,7.75,7.5,5.25,,20.5
217010,6,4,7.5,,17.5
215521,4.5,5.75,3,,13.25
218121,8,5,3,,16.0
214949,5.25,6.75,4.5,,16.5
217792,7,7,8.25,,22.25
216818,7,5.5,5.5,,18.0
210797,3.5,4,3,,10.5
217509,6.25,5.25,6,,17.5
213032,6.75,7.5,6.25,,20.5
212624,7,4.25,3,,14.25
219251,,,,,
215930,4.25,4.5,4,,12.75
219762,6.5,7.25,2.5,,16.25
214523,5.5,8.5,7,,21.0
212930,5.25,7,2,,14.25
213416,6.5,8.5,6.5,,21.5
217415,5.75,7,6.75,,19.5
210283,5.5,7.75,8.5,,21.75
214967,7.75,7.25,5.75,,20.75
218733,4.25,5.75,3.25,,13.25
217105,4.25,5.5,2.5,,12.25
212619,6.5,8,7.75,,22.25
216261,7.75,6,9,,22.75
216904,8,5.5,7.5,,21.0
211124,7.75,9,8,,24.75
219470,6.75,7.75,5.75,,20.25
218108,5.5,5,3.75,,14.25
216966,7.75,6.75,7.25,,21.75
216364,4.75,6,6.25,,17.0
213881,3.75,6.75,5,,15.5
216434,6,6.25,2.25,,14.5
217047,6.75,2.75,8,,17.5
218231,6.75,8,8,,22.75
210685,7.75,6.25,9.5,,23.5
214709,5.5,7.5,5.75,,18.75
214039,7.25,6.5,7.25,,21.0
219971,4.25,5,3.5,,12.75
218511,7.75,8.75,6.5,,23.0
216919,4.75,4,6.5,,15.25
212757,3.25,5.25,2.75,,11.25
218508,8,7.75,9.5,,25.25
213366,1.5,4,2,,7.5
214259,6.5,7.25,7,,20.75
217758,5.5,6.5,7,,19.0
211394,4,3.25,3.5,,10.75
214227,7,6,8,,21.0
216508,5.75,7.25,2,,15.0
218737,3.5,4,3.5,,11.0
215887,6.25,5.5,3.5,,15.25
214879,4,5.75,3.75,,13.5
210980,5.75,7,8.25,,21.0
211076,7,7.5,9,,23.5
219483,6.75,8,5.25,,20.0
215130,7,5.75,5,,17.75
210115,6.25,8,5.75,,20.0
210910,4.25,5.75,4.25,,14.25
216547,1.5,3,2.5,,7.0
214489,8,8,8,,24.0
216751,6.75,8.25,8.25,,23.25
210405,4.5,8,4,,16.5
216475,6.75,7.5,6.5,,20.75
211225,5.5,5.25,7.25,,18.0
211779,7.75,8.5,7.75,,24.0
218515,4.75,5,3,,12.75
214294,2.5,2,6.25,,10.75
219371,7,8.5,7,,22.5
211642,4.25,4.75,4.25,,13.25
213209,6.25,8.5,7.25,,22.0
219959,6.25,7.25,3.75,,17.25
217712,7.75,8,4.75,,20.5
211910,6.25,6,7.5,,19.75
216065,6.5,8,7.25,,21.75
210853,5.75,6.75,5.25,,17.75
215921,6.75,4.5,4.5,,15.75
210946,6.75,3.75,8.75,,19.25
218531,7.25,8.5,10,,25.75
216018,4.75,6.5,6,,17.25
215207,7.75,7.75,9,,24.5
217915,6.75,6.75,4,,17.5
219360,6.5,7.5,2.5,,16.5
212339,6.75,7.25,7,,21.0
213475,3,5.25,3.25,,11.5
214887,5.75,8.5,8.25,,22.5
214846,7.75,7.75,7.75,,23.25
219213,5.25,6.75,3.75,,15.75
214993,5.5,7.25,4,,16.75
215593,7.5,8,7.5,,23.0
218906,6.25,6.5,2.75,,15.5
218356,5,5,2.75,,12.75
214264,7.75,7.75,9.25,,24.75
217160,6.5,7,8.5,,22.0
219450,5.75,8.5,7.25,,21.5
218167,0.75,2.75,3.5,,7.0
211132,7.5,7.75,6.75,,22.0
212142,3.25,6.5,4.25,,14.0
219385,6.25,8.5,7.5,,22.25
212068,5,7.25,6.25,,18.5
212498,3.25,6.75,4.25,,14.25
215213,7.25,6.25,5.25,,18.75
210536,4,7,3.25,,14.25
217606,6.25,7,3.25,,16.5
213634,6.25,7.75,5.5,,19.5
218275,6,6.25,6.75,,19.0
211811,7.5,8,7,,22.5
217216,7.5,5.75,6.5,,19.75
211185,8,8.5,9,,25.5
210396,7,7.25,8.5,,22.75
213602,5.25,5.75,7.25,,18.25
219310,5,4.75,1.5,,11.25
215469,7.75,7.5,5,,20.25
210750,5.5,7,3.75,,16.25
215434,4.5,5.5,4.25,,14.25
211466,8,7.75,8.75,,24.5
216626,5.75,6.25,6,,18.0
215880,4.25,4.25,4.25,,12.75
216824,7.75,8,9.5,,25.25
217091,5.75,8,8,,21.75
217566,5.75,6.25,9.5,,21.5
219969,3,7.5,3.5,,14.0
211824,0.25,0.5,2.25,,3.0
214373,3.25,6.5,2.25,,12.0
212514,2.25,3.5,2.75,,8.5
210912,6,8.25,7.5,,21.75
215868,7,8,8.5,,23.5
99084,6.5,7,7.25,3,23.75
96145,7.5,6.75,6.75,,21.0
95592,8,7.25,7.75,2.75,25.75
99057,7,8,9,4.75,28.75
97356,8.25,7.25,8.75,3,27.25
90651,6,6.75,7.75,2,22.5
93995,7.75,8.5,9,1.75,27.0
94668,7.25,8.5,9.25,6.75,31.75
92955,7,7.5,7.25,3.5,25.25
92996,5.75,8.75,6,4.75,25.25
99209,7.75,6.5,8.25,0.25,22.75
94324,7.5,7,6.75,2,23.25
96412,10,7.5,10,5.5,33.0
92217,9.25,7,7.75,4.25,28.25
94602,8.75,8,9.25,3.25,29.25
94869,8,8,8.5,5.75,30.25
98370,7.25,7.25,5.75,3,23.25
95507,8,8.5,9.5,2.25,28.25
98555,7.75,8,9.75,3.25,28.75
91145,7.75,7.75,9.25,6.75,31.5
94120,7,7,8.25,3,25.25
94904,7.5,8.5,8.75,3.5,28.25
97731,7.75,8.75,9.75,3.25,29.5
94735,7,7.5,9.5,4.25,28.25
95199,6,6,6.75,2,20.75
95260,8.5,8,9.25,6.75,32.5
91169,8,6.5,9,6.25,29.75
99795,8.25,8.75,8.25,4.75,30.0
99342,7.5,8,9.5,8.5,33.5
93412,8.25,7.25,9.25,3.75,28.5
95510,8,8,9.75,4.75,30.5
95113,8.25,8,8.5,,24.75
98070,7.25,8.5,8,3.75,27.5
95437,8.75,7.25,8.5,2,26.5
97367,9.25,8,9.5,4.25,31.0
99708,7.25,7.75,6.75,1.5,23.25
93368,7.5,6.25,9.25,2.5,25.5
96815,7.5,8.25,9,2,26.75
96768,7.75,8.25,8.5,4.25,28.75
90850,7.75,7.5,10,4.75,30.0
99750,7.5,6.75,8.25,,22.5
99900,6,8,6,3.25,23.25
93837,7,6.75,9.5,2.5,25.75
94382,9,6.5,9.5,3,28.0
90708,8,8.75,10,3.5,30.25
95755,8.25,8.75,9,3,29.0
97437,7.5,7.5,8.5,2.5,26.0
96108,8.75,8.5,9.25,2.5,29.0
90374,7.25,7.75,8.75,3.25,27.0
90769,8,9.5,9.5,4,31.0
91106,8,6.25,9.5,5.25,29.0
94163,7.75,7.25,8.5,5.5,29.0
98509,8.25,7.5,10,5.75,31.5
91493,8.25,7.75,9.5,3.5,29.0
94971,7.5,7.75,9,3.25,27.5
93455,9.25,8.75,9.5,3.75,31.25
96687,8.5,8.75,8,5.25,30.5
93115,7.5,8.5,9.75,4.5,30.25
99208,7.75,5.75,8.75,1.5,23.75
95517,7.5,8.5,7.75,1.25,25.0
92899,6,8.25,8,3.75,26.0
99227,8,8.25,9.25,4.25,29.75
90869,7.75,7.75,9.75,4,29.25
92930,7.75,9.25,8.75,5.5,31.25
92360,8.25,7,9.25,1.75,26.25
93092,7,9.25,8,5,29.25
92188,7.25,6.75,6.5,2.75,23.25
97511,7.25,8,7,5,27.25
91222,7.75,6.5,9.75,7.5,31.5
96172,8.25,8.5,10,3,29.75
99588,7,6.75,6.75,0.25,20.75
93178,8,8.25,8.25,5.75,30.25
92216,7.75,7.5,9,4.25,28.5
98422,7.75,7.75,9,2.75,27.25
96655,7.75,7.75,9.25,4.5,29.25
94405,8,8.25,9.5,1.75,27.5
98821,8,8.75,9.25,2,28.0
90764,8.25,8,9.25,2,27.5
94865,8.25,8,9.5,5.75,31.5
91120,8,7.75,9,6.25,31.0
96712,5.5,8.75,7.75,4.5,26.5
90031,8.25,8.75,9.75,5.75,32.5
97879,7.75,8.25,9.5,6.75,32.25
91718,5,6.75,6.75,1.75,20.25
99516,7,7.25,7.75,0.25,22.25
90207,7.75,8.75,9.5,3.25,29.25
96274,7.75,8.25,9.75,3,28.75
95214,8,8.5,9.75,3.75,30.0
98295,7.25,9,8.75,5,30.0
98664,8,8,9.75,2.75,28.5
92389,7.75,8.75,10,4,30.5
99669,8.75,7.75,8,7.25,31.75
96981,8,8,9.75,4.5,30.25
92632,8,8.75,8,2.75,27.5
99258,7,8,7.5,2.75,25.25
92367,7.75,8.25,8.75,,24.75
94568,8.75,8.25,9.5,6.25,32.75
95255,7.5,8,9.25,3.5,28.25
97782,6.5,7,9.5,3.5,26.5
99517,7.75,6.5,8.25,0.5,23.0
94342,7.75,7.5,8.25,3.5,27.0
91462,7.75,8.5,9.75,4.25,30.25
98417,8,7.75,8.75,3.5,28.0
91875,7.25,5.75,9.5,3.75,26.25
93448,8.5,7.25,9.5,2,27.25
94755,7.5,7,7.75,3.25,25.5
96591,8.25,8.5,9,6,31.75
92147,6.25,8.5,5,4,23.75
90927,7.75,7.75,9.75,4.75,30.0
91318,7.75,7,7.5,2.5,24.75
92544,8,4.75,7.5,,20.25
91867,8,7,9,3.5,27.5
92184,7.25,6.25,8.25,2.75,24.5
99012,6.25,7.75,8,3,25.0
96807,8.5,7.5,9.75,4.75,30.5
98495,7.5,6.5,9.25,2.75,26.0
90384,7.25,7,10,3.75,28.0
90946,7.75,6.25,10,5.75,29.75
95280,8,8.25,8.75,3.5,28.5
93245,7.75,9,8.75,4,29.5
95122,7.75,7.5,9,,24.25
91572,8,8.75,9.5,4.75,31.0
95966,,,,,
96545,7.25,8,7.75,5.5,28.5
99248,7.75,7,4.75,3.5,23.0
95374,8,7,9.25,6.25,30.5
96052,8.5,8.75,9,8,34.25
91770,8.75,7,10,4,29.75
96311,,,,,
90567,8.25,7.75,9.75,6.75,32.5
91767,8.5,8,9,3.75,29.25
97551,7,7.75,6.25,4,25.0
91987,8,8,9.25,5.75,31.0
99351,7.5,7.25,9.25,1.5,25.5
93740,7.5,8.75,9.5,4,29.75
98455,8,8.5,9.5,3.75,29.75
97769,6.5,8,9.25,3.25,27.0
91292,7.75,8.25,7,2.75,25.75
90089,8,8.25,9.75,2,28.0
93490,8,7.75,10,3,28.75
91734,7,6.5,9,2.5,25.0
90381,5.75,5.25,6.75,2.5,20.25
91302,6,8.75,8.5,5.75,29.0
97877,8,8,9.5,6,31.5
95245,7.5,8,6.75,1,23.25
98191,6.5,8,9.25,1.25,25.0
95879,7.5,7.25,10,3.75,28.5
98857,7.25,7,9.25,3.25,26.75
90174,7.75,8.5,9.75,6,32.0
91099,8,7.75,10,6.25,32.0
90048,8,7.5,9.75,5.75,31.0
99046,8,8.5,9.5,4.75,30.75
93717,7.75,8.5,9.5,5,30.75
94605,6.25,6.75,8.5,,21.5
90465,8,7.5,9.5,4.5,29.5
92689,7.75,7.5,7.5,3.25,26.0
97279,7.75,8.5,9.75,4.25,30.25
92258,6.75,8.75,9,3.75,28.25
96913,7,7.75,8.5,2.5,25.75
90456,8.25,8.5,9.75,2.75,29.25
98918,7.25,7.75,8.25,2.75,26.0
91319,8,8,7.75,5.5,29.25
90248,8,8.25,10,4.5,30.75
96399,8.25,8,9,3.5,28.75
98399,8,8.5,8.5,3.75,28.75
95711,6,6.5,8.5,0.75,21.75
92197,7.75,8.75,9.25,1,26.75
94049,7.75,7,9.25,2.5,26.5
95443,8.25,7.5,8.75,2.25,26.75
92657,7.75,7.75,5.75,1,22.25
97613,7.5,8,10,6.75,32.25
97226,6.5,8.25,7,2.25,24.0
95306,8.25,8.5,8,3.5,28.25
97894,6.75,6,9.5,4.5,26.75
91584,8.25,8.5,9.5,6,32.25
97496,6.5,7,7.25,4.5,25.25
96649,8.5,8.25,9.75,4,30.5
98744,7.75,7.75,8,1.75,25.25
90967,7.25,6.75,8.5,2.25,24.75
92374,7.5,5.75,9.25,2.5,25.0
91547,8.25,8,9.25,4.75,30.25
94234,7.75,8.25,9.5,6.25,31.75
93849,7.5,8,9.25,2.5,27.25
96550,7.5,7.75,3.75,3.25,22.25
95024,7,5.5,8.5,2.5,23.5
94281,7.75,7.25,9.25,3.25,27.5
91884,8,7.75,9.5,5.25,30.5
90820,7.25,8,9.25,4,28.5
95177,7.5,8.75,7.75,4.75,28.75
95770,7.5,8.5,6,3.75,25.75
92921,7.75,8.5,7.75,5,29.0
94350,8,8.25,9.5,5,30.75
91769,9,6.75,9.75,6.5,32.0
97825,7.25,8.25,9.25,4,28.75
90926,8.25,7,9.75,8,33.0
93951,8,7.75,9.25,3,28.0
92121,7.75,9,8.5,3.75,29.0
96035,7.75,8.75,7.5,1.75,25.75
90521,7.75,6.75,8.75,4,27.25
96583,7.75,9,8,5.25,30.0
212604,4,6.5,1.75,,12.25
219079,3.75,7.25,3,,14.0
210069,5.5,6.75,5.25,,17.5
211310,7.75,7.25,9.25,,24.25
218626,5,6.25,5,,16.25
210147,7.5,7.75,8.75,,24.0
218194,7.75,6,6.25,,20.0
215224,4.75,5.75,8.5,,19.0
213530,7.5,7.25,7.25,,22.0
219833,3,4,1.75,,8.75
218770,1.75,3,1.5,,6.25
210207,7,8,8.25,,23.25
210055,7.75,7.75,8.75,,24.25
217602,6.5,7.75,7.75,,22.0
216376,7.5,6.5,9.75,,23.75
212824,4.25,6.5,2.5,,13.25
213568,6.25,6.25,5.5,,18.0
217494,6.25,7.75,5.5,,19.5
214288,7,6,7.25,,20.25
217122,7,7.5,7.25,,21.75
210099,5.5,7.75,8.5,,21.75
218383,7.5,7,9,,23.5
218750,7.25,7,7.5,,21.75
217180,4.5,4,2.5,,11.0
219118,5.25,6.5,3.75,,15.5
216307,6,7,7.75,,20.75
216265,0.5,2.5,2.25,,5.25
217796,4.25,6.75,4.75,,15.75
213769,5,7.5,7,,19.5
215763,6.25,6.25,8.25,,20.75
213384,7,7.5,6.5,,21.0
217252,3.75,5.25,3.25,,12.25
216470,7.25,7.5,7.5,,22.25
210429,7.5,8.5,9.5,,25.5
215278,5.75,6.5,9.25,,21.5
218658,6.5,6.75,5.75,,19.0
212475,5.75,6.5,3.75,,16.0
217533,5,6.25,3.75,,15.0
216303,7,8.5,9.25,,24.75
213539,7.75,7.5,7.5,,22.75
217839,5.25,5.5,4.75,,15.5
218861,4.25,6,3,,13.25
214072,6.75,7.5,7,,21.25
215247,7.5,6,8.5,,22.0
212509,7,6.25,8.75,,22.0
218303,7.75,5.75,6.5,,20.0
213495,2.75,4,2,,8.75
212702,4.75,4.5,2.5,,11.75
210481,7.75,7.25,7.75,,22.75
211768,3.25,5.5,4.25,,13.0
213754,4.75,6.5,4.25,,15.5
215500,2.5,6,5.25,,13.75
217741,8,7,7.75,,22.75
214396,4.5,8.5,8.5,,21.5
219489,7.5,9,8,,24.5
217739,7,8.75,8.25,,24.0
219828,4.25,6.25,4,,14.5
218161,5.75,8.25,4,,18.0
215976,6.75,6.75,8,,21.5
211299,4.75,7.75,6,,18.5
216633,4.75,3.5,4,,12.25
212563,6.75,5.75,6.75,,19.25
210513,4,5.25,3.75,,13.0
219250,4,4,2,,10.0
212266,5.75,7.25,4,,17.0
211358,8,8,7.5,,23.5
215744,4.5,5,4.75,,14.25
210887,7.75,8,7.75,,23.5
210451,5.5,5,4.5,,15.0
211578,6.75,7.5,9.5,,23.75
210626,4.25,5.25,2.25,,11.75
210748,5.25,6.75,4.75,,16.75
215037,7,8,8,,23.0
212001,7,6.25,6.75,,20.0
210332,7.75,8,7,,22.75
210942,5.25,5,4.75,,15.0
210713,6.25,7.75,5.25,,19.25
214820,6.75,7,4.5,,18.25
219996,6.75,7.25,7.75,,21.75
212519,4,6.25,3,,13.25
217910,5.75,5.25,3,,14.0
213023,5.5,5.5,3.75,,14.75
217992,1.75,6,2.5,,10.25
211511,4,5,6,,15.0
216508,5.75,7.25,2,,15.0
213547,5.25,5.75,5.5,,16.5
211785,7,7,7,,21.0
214946,7.25,9,8,,24.25
213716,7.5,7,8.75,,23.25
215064,7.25,7.75,9.5,,24.5
210372,6.75,5.5,5.25,,17.5
215904,5.5,4,3.5,,13.0
217658,7.75,7,6,,20.75
218221,4,5.75,4.75,,14.5
217650,6.75,7.75,7.5,,22.0
217481,4.25,5.5,5.25,,15.0
219530,4,5.75,3,,12.75
219492,6.75,6.75,2.5,,16.0
217776,4.75,7.75,2,,14.5
219159,7.5,7.75,3.75,,19.0
211206,4.75,5.25,5.25,,15.25
217224,,,,,
214786,4.5,5.75,5.75,,16.0
212100,7,6.75,3.75,,17.5
215686,5,5.5,7.5,,18.0
217329,7,6.25,2.75,,16.0
212523,7.75,7.5,8.25,,23.5
210784,5,5.25,7.25,,17.5
219034,6.75,8,7,,21.75
215063,5.25,2.25,3.5,,11.0
213699,5.75,7.5,5.75,,19.0
219229,7.75,8.75,8,,24.5
211828,3.75,5,6.5,,15.25
210794,6.75,7.5,6.5,,20.75
215341,6.5,4.75,7.25,,18.5
217884,8,5.5,8,,21.5
216524,5,7.5,3,,15.5
211786,6.25,7,4.5,,17.75
213986,7,6,3.5,,16.5
214724,5,7,7.25,,19.25
211509,6,6.75,7.75,,20.5
219574,6.5,8,6.25,,20.75
214891,5,7.75,6.25,,19.0
216985,6.25,5.5,4.5,,16.25
211318,4.25,4.25,4.25,,12.75
210746,4.5,6.25,6.5,,17.25
218622,6.5,9,5.25,,20.75
215792,4.25,6.25,3.75,,14.25
213973,7.5,7.75,6,,21.25
217725,4.75,5.5,2.75,,13.0
214313,7.25,5.5,7.75,,20.5
215662,7.75,8.5,9.25,,25.5
211804,6.5,5.75,8.75,,21.0
216321,4.75,6.25,2.5,,13.5
218573,7.5,5.5,5.75,,18.75
215116,7.25,9,6.75,,23.0
212791,7.25,8.25,9.25,,24.75
212095,4.5,5.5,5.25,,15.25
219198,7.5,9,7.25,,23.75
217060,6.5,5.5,4.75,,16.75
212997,6.5,7.75,8.75,,23.0
215337,7.75,7.25,8.5,,23.5
212300,7.5,7.75,8,,23.25
214464,5,6.75,2.75,,14.5
214712,3,6.5,3.75,,13.25
217588,6,5.25,8,,19.25
215867,7,6.25,5.75,,19.0
215150,8,7.75,8.5,,24.25
214326,5.5,6,9.5,,21.0
213467,6.75,5.75,9.5,,22.0
218964,2.5,3.75,3.25,,9.5
216438,7.25,6.5,4.5,,18.25
215745,6.5,7.5,6.75,,20.75
211893,5.5,5,4.25,,14.75
211180,5,6.25,3.75,,15.0
217431,2,6,2.5,,10.5
219249,3.75,5,5.75,,14.5
210060,5,3.75,4.75,,13.5
219729,4.25,5,3.25,,12.5
218659,4.25,4.75,3,,12.0
218171,8,8,9.25,,25.25
213785,3.5,6,1.75,,11.25
216185,5.25,4.5,7.5,,17.25
215410,2.25,4,2.75,,9.0
211285,6.5,5.5,6,,18.0
214763,3.75,4.75,7.5,,16.0
217644,7.5,7.5,4,,19.0
213026,7,6,7.75,,20.75
210589,5,7.25,7.25,,19.5
215100,4,6.25,4.25,,14.5
215819,4,7.75,4.25,,16.0
212741,6.75,6.75,8.5,,22.0
215859,5,7.75,7.75,,20.5
214498,6.5,8.5,8.25,,23.25
216941,6.25,7,9.25,,22.5
214138,7.75,7.25,8,,23.0
210694,4.5,5.5,6.75,,16.75
210053,4.75,8.25,8,,21.0
213485,7.75,7,4.5,,19.25
211680,1.5,3.5,1.75,,6.75
216908,7.25,7.25,8.5,,23.0
215732,1.75,3.75,4.5,,10.0
210088,2.25,4.25,2.25,,8.75
216330,7,5.25,9,,21.25
218080,8,6.75,9,,23.75
215042,6.5,6,6.25,,18.75
218697,6.25,3.5,4,,13.75
219171,5,5.5,4,,14.5
212115,8.25,8,9.5,,25.75
218387,6.5,6.5,4.25,,17.25
219595,3.5,3,3.75,,10.25
216706,4.25,5.75,6.75,,16.75
213839,8.25,8.5,8,,24.75
218611,6.25,7.75,7,,21.0
213655,6.75,8,7,,21.75
215719,0,0.5,2.25,,2.75
215748,7.75,5.75,8.75,,22.25
219445,7.75,6.5,8,,22.25
213390,5.5,5.25,3.5,,14.25
210066,6.5,7.25,3.25,,17.0
216268,4.25,4.75,7,,16.0
215546,6.75,6.5,8,,21.25
219031,5.25,6.25,3.75,,15.25
213095,7.25,8.5,7.5,,23.25
213381,7.5,7.5,4.5,,19.5
219454,2,6,5.75,,13.75
214067,5.5,5,3.75,,14.25
210908,6.5,6.75,9.25,,22.5
214263,6.75,7.25,7,,21.0
213465,4.75,6,8.25,,19.0
216668,7,4.5,7.5,,19.0
212209,6.75,7,6,,19.75
214916,7.25,7.5,8.5,,23.25
217636,6.5,7.25,6.75,,20.5
218069,6,6.25,2.75,,15.0
217098,7.75,7.75,7.25,,22.75
218402,8,9,6.75,,23.75
211701,7.75,6.5,7.25,,21.5
217102,7,7.75,8,,22.75
214198,5.75,5.75,3,,14.5
215443,6.25,7,2.75,,16.0
212831,8,8.25,9.25,,25.5
219621,5.25,7,4.25,,16.5
213032,6.75,7.5,6.25,,20.5
219774,4.25,7.75,3.5,,15.5
213434,7.75,7.5,7.25,,22.5
217753,7.5,7,7.5,,22.0
219235,7,8.75,10,,25.75
214865,5,8.5,6.25,,19.75
215970,6.5,5,8.5,,20.0
216019,6.5,7,5.75,,19.25
218640,2.5,4,2.25,,8.75
212984,6.25,5.25,4.5,,16.0
219199,4.75,7.25,5.25,,17.25
217619,4.25,4,7.75,,16.0
211213,8,8.5,8.25,,24.75
211730,7.25,6.75,6.75,,20.75
215769,6.75,5.75,7.5,,20.0
219251,,,,,
219386,4.5,7.75,5.25,,17.5
214586,3.25,3,7,,13.25
213525,7.25,7.25,8.25,,22.75
213029,6.5,8.25,5,,19.75
212432,4,5,3.25,,12.25
217327,4.25,6,3.25,,13.5
218962,8,6.25,7.75,,22.0
214907,5.5,4.5,4.5,,14.5
215039,6.5,6.5,8.25,,21.25
213943,7.25,7.25,8.25,,22.75
216894,6.75,7.75,7.5,,22.0
217038,6.75,7.25,6.75,,20.75
210223,7.75,8.75,9.5,,26.0
212815,5.5,6.25,4.5,,16.25
216511,6.25,8.5,8.25,,23.0
214848,0.75,3,2,,5.75
217749,8,8,8.25,,24.25
216256,5.5,7.25,5.75,,18.5
216877,7.5,7.25,6.75,,21.5
213936,6.5,4.75,3.75,,15.0
217764,6.75,7,7.75,,21.5
213047,4.5,7.75,5,,17.25
219426,8.5,9,9.75,,27.25
216944,7.75,7.25,7,,22.0
210467,6.25,6.25,1.5,,14.0
218579,5,6,3.75,,14.75
211653,3.25,5.25,3,,11.5
218201,7.25,4.25,7.75,,19.25
219757,5.25,6.75,6,,18.0
213784,4.5,5.5,5.25,,15.25
215634,8,8.25,9.25,,25.5
210301,6.75,7.5,3.5,,17.75
218764,5.25,7.75,4,,17.0
211547,6,7.5,4.75,,18.25
215210,7.25,8,8,,23.25
211820,8,7.5,8.25,,23.75
212556,7.75,7,5.75,,20.5
214486,2.5,6,1.75,,10.25
219866,7.75,8,3.75,,19.5
219459,7.75,7.25,9.25,,24.25
211945,5.5,6.25,2.75,,14.5
218937,5.25,6,2.75,,14.0
212948,4,6.25,4,,14.25
214614,5.25,4.5,5.25,,15.0
213715,5.75,8,7.75,,21.5
219960,7.25,7.5,7.25,,22.0
210982,7.75,8.5,9,,25.25
216835,5.25,5.75,5.25,,16.25
214125,7,7.5,5,,19.5
216093,5.25,4.25,3,,12.5
216906,5,7.75,5.25,,18.0
213473,7.25,8,9,,24.25
214302,7.75,7.25,7.75,,22.75
215806,5,6.25,3.25,,14.5
211844,8,6.25,5.75,,20.0
219637,6.75,6,9.25,,22.0
219065,7.25,7.75,6.75,,21.75
213493,5.5,7.5,4.5,,17.5
218290,6.25,8.5,5.75,,20.5
216858,8,8.25,7.75,,24.0
215909,7.75,7,9.5,,24.25
210859,7.5,7.5,4.25,,19.25
211158,4.5,7.25,5,,16.75
210298,7,7.5,7.5,,22.0
219071,7.25,8.25,6.75,,22.25
216784,7.25,6.75,7.75,,21.75
214397,7.5,7.25,6.25,,21.0
218116,5.75,6.75,6,,18.5
217579,6.25,6.5,4,,16.75
219755,3.5,6.25,3.75,,13.5
217919,5,6.25,4,,15.25
215715,4.75,5,2.5,,12.25
214201,5.5,4.75,4.75,,15.0
211021,4.75,5.75,6.25,,16.75
210285,7,6.5,5.75,,19.25
210899,6.5,8,7.75,,22.25
216585,6,6.75,5.5,,18.25
211580,5.75,7.5,7.75,,21.0
217950,7.75,8.75,8,,24.5
215056,5,8.5,5.5,,19.0
210299,5.75,7,7,,19.75
210618,2,3,5.25,,10.25
210626,4.25,5.25,2.25,,11.75
216606,5.75,6.25,5.25,,17.25
214754,7.75,7.25,9.5,,24.5
215820,5,6.25,4,,15.25
214847,5,7,8,,20.0
215650,5.75,7.5,3.75,,17.0
217161,2.25,6.5,2,,10.75
216925,7.25,8,8,,23.25
210515,3.75,6,8.5,,18.25
210468,6,5.5,5.25,,16.75
212833,3.5,6.5,3,,13.0
213928,6.25,7.75,5,,19.0
216788,7.75,6,7.75,,21.5
216356,4,3.5,2.25,,9.75
216565,7.5,7.25,9,,23.75
216242,6.25,7,5.25,,18.5
217578,6.5,7.25,6.25,,20.0
210831,5,6.25,3.5,,14.75
214187,4.25,6.25,7.25,,17.75
214385,3,7.25,5,,15.25
215352,3.5,4,2.25,,9.75
214404,6.25,6.75,8.5,,21.5
211277,7.5,8.25,8.75,,24.5
218048,5.25,4.5,3.5,,13.25
214690,4.75,6.5,4,,15.25
212067,7.75,8.25,8.25,,24.25
214480,6,8.25,7.5,,21.75
210381,8,8.25,8.5,,24.75
213212,7.75,7.25,9,,24.0
219076,1.75,2.75,3.25,,7.75
219248,6.25,7.25,7.25,,20.75
216477,7.25,6.75,4.75,,18.75
212169,7.75,8,9.75,,25.5
214147,6,6.75,7.5,,20.25
219926,8,8.25,8,,24.25
218300,6,5.25,6,,17.25
217338,4.75,7.5,3,,15.25
217924,7.75,8.25,9.5,,25.5
214663,6.25,8.5,9.25,,24.0
214877,4.75,8.5,5,,18.25
210188,2.5,6.25,4.5,,13.25
212297,2.75,3.25,3,,9.0
218681,7.75,8,6,,21.75
219412,6,8.25,7,,21.25
210627,5.25,6,4.5,,15.75
213751,7.25,7,8,,22.25
216435,1,3.25,1.25,,5.5
214864,4.75,8.75,6.75,,20.25
215275,7,7,7.75,,21.75
212043,7.25,8,9.75,,25.0
210386,9.75,7.75,9.25,,26.75
210800,8,7.5,6.75,,22.25
216542,8,8.5,7,,23.5
214136,6.5,6.25,7.25,,20.0
215780,7.5,7.75,8.25,,23.5
219094,5,6,2,,13.0
215858,6,7,7.25,,20.25
212230,7,7.75,7.75,,22.5
222150,5.5,6.25,4.5,,16.25
225332,8,7.5,8.5,,24.0
225492,6,7.75,9.5,,23.25
221874,7.75,9,8.5,,25.25
222486,5.75,6.25,5.5,,17.5
226245,6.75,6,9,,21.75
229263,7.75,8.25,8.5,,24.5
226489,6.25,5.25,8.25,,19.75
222549,6.5,6,9.5,,22.0
229926,6.75,8,9,,23.75
223174,7.75,6.75,7.75,,22.25
222790,7,8.5,7,,22.5
225500,4,7.75,3.75,,15.5
225562,7.75,8.25,8,,24.0
227484,5.75,7,6.5,,19.25
222023,2.25,5.25,4.25,,11.75
223538,4.5,6.5,2.75,,13.75
229583,7.5,6.5,10,,24.0
226339,5,5.5,6.5,,17.0
229252,2.5,1,2.25,,5.75
224658,5.75,6.5,5.75,,18.0
222425,6.75,5,5.5,,17.25
226018,8,5.5,2.75,,16.25
227517,6.75,7,8.5,,22.25
229725,5.25,7.75,6.25,,19.25
225903,7.25,6.75,8,,22.0
228214,6.25,6.75,5.25,,18.25
222959,5.25,6,7,,18.25
220938,4,4.75,8.25,,17.0
223768,6.25,6.5,5.5,,18.25
228830,3.75,4,4.75,,12.5
223239,7.75,6.75,5.5,,20.0
223942,4.75,4.25,2.25,,11.25
225184,4,5,2.75,,11.75
224780,6.75,7.5,5.5,,19.75
229102,6.5,7.75,9.25,,23.5
220970,7.75,6.5,7.75,,22.0
224841,3.75,6,3,,12.75
221254,6.5,8.25,6.5,,21.25
229457,7.25,7.75,7,,22.0
226523,7.75,7.5,9.5,,24.75
224534,6.25,4.25,6,,16.5
222046,7,5.75,8.25,,21.0
222561,4.5,4.75,2.5,,11.75
220682,3.75,6.5,5.75,,16.0
221550,6.5,6.75,7.25,,20.5
225212,6.25,7.5,4.75,,18.5
220757,7,8.5,8,,23.5
223359,6.25,7.75,4.5,,18.5
228008,8.5,8,8.5,,25.0
220201,5,5.75,5.5,,16.25
229887,6.75,8.5,7.75,,23.0
227085,5.75,6.5,7.5,,19.75
224103,4,3.25,2.5,,9.75
226016,7,5.75,5.5,,18.25
228001,7,7,6.75,,20.75
224442,2.75,5.25,2,,10.0
228835,5,5.25,6.25,,16.5
224618,6.75,7,7,,20.75
225703,6.25,5,9,,20.25
224320,5,6.75,3.5,,15.25
220796,7.5,7,5.5,,20.0
226257,7.75,6.5,9.75,,24.0
222277,7.25,7.75,6.25,,21.25
228560,2.5,2,2.75,,7.25
222598,7.25,7.5,5.75,,20.5
225173,3.5,4.5,2.5,,10.5
221595,6.5,7.75,7.25,,21.5
226577,5.75,6.25,6.75,,18.75
225266,7.5,8,6.75,,22.25
223106,5.25,6.5,1.75,,13.5
229804,3.5,6,3.25,,12.75
227669,4.5,5.75,4.75,,15.0
221582,4.75,5.5,5.25,,15.5
225402,5.5,7,5.5,,18.0
227096,8,7.25,9.25,,24.5
226792,6.75,4.5,7.75,,19.0
226791,5,4.75,8,,17.75
222727,5.25,2,3.75,,11.0
228572,6.5,8,7.75,,22.25
224397,5.75,6.25,1.75,,13.75
220099,4.25,5.75,3.25,,13.25
225719,4,3,3,,10.0
223913,5.75,5.5,3.75,,15.0
222624,7.25,7.5,4.75,,19.5
225255,4.5,4.75,4.75,,14.0
226763,6,5.25,4,,15.25
224304,4.75,6.5,4.25,,15.5
226187,7.5,7.25,7,,21.75
228117,4.5,5.5,8.75,,18.75
221612,5,5,3.75,,13.75
229810,7,6.75,6.25,,20.0
229896,8,7.5,8.25,,23.75
229293,6.25,4.25,7.75,,18.25
228798,3.25,1.5,3.5,,8.25
224009,5.75,5.75,3.5,,15.0
229465,0.75,2,2.25,,5.0
221348,2.25,3.75,1.25,,7.25
220188,4.75,5.5,3.25,,13.5
223692,1.75,1.75,4,,7.5
227479,5.75,5.5,4.25,,15.5
220483,4.5,5.5,3.75,,13.75
223000,6.5,7,5.25,,18.75
225282,4,6.5,4,,14.5
225144,7.25,6.75,7.25,,21.25
223911,5.75,7.5,8.75,,22.0
225642,7.75,7,8,,22.75
226090,3,5.5,3.25,,11.75
226839,7.5,7.5,8.25,,23.25
224656,6.25,5.75,5.5,,17.5
224542,7.5,7.75,8.25,,23.5
229354,7.75,8,6.75,,22.5
223527,5,4.25,4.75,,14.0
227308,8,7.25,8.5,,23.75
221232,6.5,6.5,7.25,,20.25
220143,5.5,8,3.25,,16.75
222681,7.75,8.25,9,,25.0
220766,6,7.75,6.5,,20.25
226498,7,8.5,6.75,,22.25
224573,3.5,4.75,4.75,,13.0
224416,5.75,5.5,6.25,,17.5
223948,4.75,5,3.5,,13.25
228188,4.25,7.25,4.5,,16.0
220126,4,6.75,4.5,,15.25
229232,0.75,3,2.25,,6.0
226779,7.25,6.5,7.25,,21.0
227257,6.5,7,6.75,,20.25
226695,7.25,8,9,,24.25
227777,5.25,4.25,9.5,,19.0
221001,7.5,6.75,8.75,,23.0
226592,7.5,3.75,8.5,,19.75
220424,3.5,3,1.75,,8.25
223532,3.5,5.25,5.75,,14.5
223159,6.75,8.25,8.75,,23.75
223062,7,7.5,5.5,,20.0
220353,8,8.25,9,,25.25
229285,2.75,5.75,2.75,,11.25
222344,4.75,6.5,3.75,,15.0
225913,7.75,8,9.5,,25.25
220934,7.75,7.25,6,,21.0
223472,2.75,4.75,4.75,,12.25
220244,8,7,6.5,,21.5
226883,4.75,7.5,3.5,,15.75
221917,5.25,6.5,4.75,,16.5
225694,7,5,5.75,,17.75
225341,6.75,8.5,8.75,,24.0
226331,7.5,7.25,4,,18.75
225216,5,7.25,5.25,,17.5
228558,4.5,6.75,5.5,,16.75
224129,7.75,7.5,9,,24.25
228110,6.25,7.75,3.75,,17.75
224204,4.75,5.5,5.75,,16.0
221951,7.5,7.75,9.25,,24.5
225153,6.75,8,3.75,,18.5
225736,6.25,7,4.5,,17.75
228240,5.75,6.5,6,,18.25
225801,5.25,6,2.75,,14.0
223149,5.75,8,6.5,,20.25
226154,5,4,5.5,,14.5
221419,7,8,8,,23.0
220560,5,6.25,2.5,,13.75
222919,7.5,6.5,8.5,,22.5
229307,3.25,7.25,3,,13.5
220367,7.5,7.75,8.5,,23.75
222908,2.5,0.75,2.5,,5.75
228216,5.75,6.5,5,,17.25
221100,5.25,5.5,4,,14.75
220236,5.5,7.75,5.75,,19.0
224951,8,6.75,7,,21.75
229559,5.75,7.25,3.25,,16.25
221963,5.5,7.25,4,,16.75
228313,4.75,6,6.25,,17.0
226566,3.25,6.5,6.75,,16.5
225751,3.5,4.75,2.25,,10.5
224444,6.75,7.5,7.5,,21.75
221597,2,5,3,,10.0
227654,4.5,6.5,5.25,,16.25
222790,7,8.5,7,,22.5
227280,5,6.5,2.5,,14.0
227881,5.25,5.5,5,,15.75
224199,7,7.25,7.25,,21.5
222844,4.75,6,6.5,,17.25
222289,7,6.5,8.5,,22.0
227460,2.5,6.25,5,,13.75
227575,3.75,5.25,6.75,,15.75
220984,5,6.75,4,,15.75
228782,5.5,6.75,3.75,,16.0
221319,5.75,6.75,2.25,,14.75
229976,8.25,8.25,8.75,,25.25
227783,6.75,8,4.75,,19.5
225809,6.25,5.75,3.25,,15.25
228953,7,6.25,3,,16.25
228746,5.25,7.5,7.75,,20.5
223952,2,3.25,2.5,,7.75
222526,4.25,5.5,4.5,,14.25
225322,6.5,7.25,7.75,,21.5
228268,5.75,6.5,6.25,,18.5
224329,4.25,2.75,1.5,,8.5
224418,3.5,4.5,2.25,,10.25
225405,4.25,7,3,,14.25
224914,3.25,5.5,3.5,,12.25
223536,5,8,4,,17.0
223418,5.5,8,9.5,,23.0
228277,7,8,7.75,,22.75
227155,6.25,5.75,4.25,,16.25
223651,3.75,3.25,2.25,,9.25
226385,6.25,4,3.5,,13.75
229687,6.75,7,5.25,,19.0
223880,6.75,7.5,8.75,,23.0
226472,6.75,4,8,,18.75
229530,3.5,6.75,5.75,,16.0
227742,8,7.75,9,,24.75
228831,7.75,6.5,8.25,,22.5
222995,4.75,4,3.25,,12.0
224013,6.25,8.5,6.25,,21.0
226595,6.75,4,4.25,,15.0
229615,6.25,6.5,8,,20.75
229488,7.75,8.25,7.75,,23.75
220865,5.75,7.75,6.5,,20.0
228575,7.75,7.5,8,,23.25
222233,3,5.25,3.5,,11.75
222027,3.75,6,6,,15.75
228765,0.75,5.5,3,,9.25
229995,3,5.25,1.75,,10.0
224984,6.25,8,6,,20.25
222972,7.75,7.75,8,,23.5
224909,7.25,8.25,9.5,,25.0
224532,3.75,5.5,4.75,,14.0
222805,2.75,5.5,4.75,,13.0
223345,4.5,5.75,5.75,,16.0
229799,6.75,7,3,,16.75
229036,4.25,7,5.25,,16.5
220322,6,6.25,3,,15.25
229153,8,7.5,8.25,,23.75
222568,5,7.5,5.25,,17.75
228260,6.75,6.25,3.5,,16.5
222257,5.75,4.25,5,,15.0
228720,,,,,
222674,4.75,6.5,2.25,,13.5
225152,2.75,2.5,2.25,,7.5
227005,2.25,4.5,6.25,,13.0
229604,7.5,6,5.75,,19.25
221487,7,5.25,5.75,,18.0
224559,3.25,6.75,3.75,,13.75
226619,7.25,7.5,5.75,,20.5
227991,6.75,7.25,4.5,,18.5
228227,3,4.25,6.5,,13.75
222911,5,3.75,2.25,,11.0
228631,7.75,7.75,7,,22.5
220731,3.25,4.75,5.5,,13.5
222748,6.5,7,2.5,,16.0
222902,8,7,7.75,,22.75
222183,7,8.25,8.5,,23.75
222831,7.5,7.5,9.5,,24.5
226575,4,5.75,4,,13.75
221914,6,7,7.5,,20.5
228607,7.25,5.5,7.25,,20.0
223733,5.5,6.5,7,,19.0
224238,8,7.75,8.75,,24.5
223324,3.75,6.75,5.25,,15.75
224565,7.5,6,5,,18.5
224037,3.75,6.5,3.25,,13.5
226276,8,7.25,8.75,,24.0
227549,7.25,7.75,7.5,,22.5
229265,8.75,8.25,8.75,,25.75
222405,7,7.25,9.25,,23.5
222654,7.75,8,9.75,,25.5
229380,6.5,6.25,7.75,,20.5
225637,6,5,6,,17.0
223501,6.25,7.25,9,,22.5
229665,7.25,6,4.5,,17.75
225554,7.5,7.75,7.5,,22.75
224834,3.75,4.75,3,,11.5
221861,7.25,7.25,9,,23.5
226972,6.25,7.25,7.25,,20.75
226590,7.75,8.25,10,,26.0
224539,6.75,5.75,4.25,,16.75
225000,4,6.5,3,,13.5
225056,5.5,6.75,4.5,,16.75
220924,7,6.25,6.5,,19.75
229327,7.5,8,4.75,,20.25
221371,6.25,6.75,9,,22.0
226002,7.75,8.25,9.25,,25.25
223097,6.75,8.75,7.5,,23.0
220351,7.25,5,3.5,,15.75
227657,4,5.5,2.25,,11.75
222551,5.75,5.75,5,,16.5
227739,7.75,7,5,,19.75
222455,5.5,6,4,,15.5
229539,3,3.5,3,,9.5
228975,5.75,6.25,3,,15.0
224418,3.5,4.5,2.25,,10.25
